FileSize,ElapsedTime,Throughput
1882548,0.841219041,17.903046966337037
