FileSize,ElapsedTime,Throughput
1281499,25.294166584,0.40531052746703145
