FileSize,ElapsedTime,Throughput
1187342,0.375457208,25.2991174429657
