FileSize,ElapsedTime,Throughput
1281499,0.357376833,28.686783958377067
