FileSize,ElapsedTime,Throughput
1187342,28.435463709,0.33404540531525045
