FileSize,ElapsedTime,Throughput
1882548,22.272792,0.6761785410648112
