FileSize,ElapsedTime,Throughput
1882548,0.535513041,28.123281501934517
