FileSize,ElapsedTime,Throughput
1187342,0.612279834,15.513716886517612
