FileSize,ElapsedTime,Throughput
1187342,0.341343292,27.82751623547358
