FileSize,ElapsedTime,Throughput
1187342,26.485062875,0.35864502360559336
