FileSize,ElapsedTime,Throughput
1882548,0.518404625,29.05140747924462
