FileSize,ElapsedTime,Throughput
1882548,0.499778,30.134147561517313
