FileSize,ElapsedTime,Throughput
1281499,0.545914,18.779500067776244
