FileSize,ElapsedTime,Throughput
1281499,0.531846166,19.276235602307604
