FileSize,ElapsedTime,Throughput
1281499,22.5282015,0.45507369951391813
