FileSize,ElapsedTime,Throughput
1281499,23.410221875,0.43792801515256885
