FileSize,ElapsedTime,Throughput
1187342,0.684845125,13.86990379759219
