FileSize,ElapsedTime,Throughput
1187342,0.370403417,25.644299064336114
