FileSize,ElapsedTime,Throughput
1882548,44.990686375,0.33474448187944544
