FileSize,ElapsedTime,Throughput
1187342,24.477775708,0.388055520783923
