FileSize,ElapsedTime,Throughput
1882548,0.523012,28.79548461603175
