FileSize,ElapsedTime,Throughput
1187342,1.607346334,5.909576423620972
