FileSize,ElapsedTime,Throughput
1281499,0.411729208,24.89984145113164
