FileSize,ElapsedTime,Throughput
1187342,0.335963458,28.27312248941074
