FileSize,ElapsedTime,Throughput
1882548,0.529832708,28.424791019130513
