FileSize,ElapsedTime,Throughput
1882548,36.30815,0.4147934830058816
