FileSize,ElapsedTime,Throughput
1882548,57.117615292,0.2636731929897183
