FileSize,ElapsedTime,Throughput
1281499,22.451571458,0.45662692338388566
