FileSize,ElapsedTime,Throughput
1882548,1.030165375,14.619384775963763
