FileSize,ElapsedTime,Throughput
1281499,0.421265416,24.336182393856895
