FileSize,ElapsedTime,Throughput
1187342,0.4468765,21.255841378993974
