FileSize,ElapsedTime,Throughput
1882548,114.089800292,0.1320046486316449
