FileSize,ElapsedTime,Throughput
1187342,28.719828736,0.33073790541422815
