FileSize,ElapsedTime,Throughput
1187342,4.730333533,2.008047832934913
