FileSize,ElapsedTime,Throughput
1882548,23.280450205,0.6469112009167866
