FileSize,ElapsedTime,Throughput
1281499,1.121464622,9.141609818878441
