FileSize,ElapsedTime,Throughput
1187342,6.516512106,1.4576411192813026
