FileSize,ElapsedTime,Throughput
1187342,4.405898649,2.1559134144304277
