FileSize,ElapsedTime,Throughput
1281499,1.166340984,8.789875465784027
