FileSize,ElapsedTime,Throughput
1281499,19.766521456,0.5186543329245255
