FileSize,ElapsedTime,Throughput
1281499,1.564747258,6.5518517112493315
