FileSize,ElapsedTime,Throughput
1882548,23.943598946,0.6289941639085119
