FileSize,ElapsedTime,Throughput
1882548,76.002422479,0.19815663118055596
