FileSize,ElapsedTime,Throughput
1187342,6.27658522,1.5133604766064181
