FileSize,ElapsedTime,Throughput
1882548,19.518126234,0.7716101340591422
