FileSize,ElapsedTime,Throughput
1281499,1.411988807,7.26067511950185
