FileSize,ElapsedTime,Throughput
1187342,7.872120274,1.206629938235621
