FileSize,ElapsedTime,Throughput
1882548,109.521757043,0.13751043086431722
