FileSize,ElapsedTime,Throughput
1187342,32.981369865,0.2880030768546127
