FileSize,ElapsedTime,Throughput
1281499,1.548661014,6.619907072833436
