FileSize,ElapsedTime,Throughput
1882548,81.43217074,0.18494390930686863
