FileSize,ElapsedTime,Throughput
1187342,6.530054438,1.4546181950221593
