FileSize,ElapsedTime,Throughput
1281499,1.379106619,7.4337921802114115
