FileSize,ElapsedTime,Throughput
1281499,21.80553973,0.4701553883527743
