FileSize,ElapsedTime,Throughput
1882548,18.813457777,0.8005112180075562
